Workbook

Sheet Sheet1
A1: Grupo | B1: Periodo | C1: LC | D1: MAT | E1: CN | F1: CS | G1: ING
A2: 11. A | B2: PERIODO 1 | C2: 4.5 | D2: 3.4 | E2: 3.8 | F2: 4.1 | G2: 4.3
A3: 11. A | B3: PERIODO 2 | C3: 4.3 | D3: 3.7 | E3: 3.8 | F3: 4 | G3: 4.2
A4: 11. A | B4: PERIODO 3 | C4: 4.5 | D4: 3.6 | E4: 3.8 | F4: 4.1 | G4: 3.8
A5: 11. A | B5: PERIODO 4 | C5: 0 | D5: 0 | E5: 0 | F5: 0 | G5: 0
A6: 11. B | B6: PERIODO 1 | C6: 4.6 | D6: 3.6 | E6: 3.8 | F6: 3.9 | G6: 4.1
A7: 11. B | B7: PERIODO 2 | C7: 4.3 | D7: 3.6 | E7: 3.7 | F7: 4.2 | G7: 4
A8: 11. B | B8: PERIODO 3 | C8: 4.6 | D8: 3.6 | E8: 3.6 | F8: 4 | G8: 3.8
A9: 11. B | B9: PERIODO 4 | C9: 0 | D9: 0 | E9: 0 | F9: 0 | G9: 0
A10: 10. A | B10: PERIODO 1 | C10: 4.8 | D10: 4 | E10: 4.1 | F10: 4.4 | G10: 4.3
A11: 10. A | B11: PERIODO 2 | C11: 4.4 | D11: 4.1 | E11: 4.2 | F11: 4.2 | G11: 4.4
A12: 10. A | B12: PERIODO 3 | C12: 4.5 | D12: 4 | E12: 4.1 | F12: 4.4 | G12: 4
A13: 10. A | B13: PERIODO 4 | C13: 0 | D13: 0 | E13: 0 | F13: 0 | G13: 0
... A101: 1. B | B101: PERIODO 4 | C101: 0 | D101: 0 | E101: 0 | F101: 0 | G101: 0

Sheet DATA_ED
A1: Grupo | B1: LC | C1: LC AV | D1: MAT | E1: MAT AV | F1: CN | G1: CN AV | H1: CS | I1: CS AV | J1: ING | K1: ING AV
A2: 11 A | B2: =AVERAGE(Sheet1!C2:C4) -> 4.4333333 | C2: 4.1 | D2: =AVERAGE(Sheet1!D2:D4) -> 3.5666667 | E2: 3.2 | F2: =AVERAGE(Sheet1!E2:E4) -> 3.8 | G2: 3.6 | H2: =AVERAGE(Sheet1!F2:F4) -> 4.0666667 | I2: 3.8 | J2: =AVERAGE(Sheet1!G2:G4) -> 4.1 | K2: 4.1
A3: 11 B | B3: =AVERAGE(Sheet1!C6:C8) -> 4.5 | C3: 4.1 | D3: =AVERAGE(Sheet1!D6:D8) -> 3.6 | E3: 3.1 | F3: =AVERAGE(Sheet1!E6:E8) -> 3.7 | G3: 3.2 | H3: =AVERAGE(Sheet1!F6:F8) -> 4.0333333 | I3: 3.6 | J3: =AVERAGE(Sheet1!G6:G8) -> 3.9666667 | K3: 4
A4: 10 A | B4: =AVERAGE(Sheet1!C10:C12) -> 4.5666667 | C4: 4.3 | D4: =AVERAGE(Sheet1!D10:D12) -> 4.0333333 | E4: 3 | F4: =AVERAGE(Sheet1!E10:E12) -> 4.1333333 | G4: 3.4 | H4: =AVERAGE(Sheet1!F10:F12) -> 4.3333333 | I4: 3.9 | J4: =AVERAGE(Sheet1!G10:G12) -> 4.2333333 | K4: 4.4
A5: 10 B | B5: =AVERAGE(Sheet1!C14:C16) -> 4.3 | C5: 4.1 | D5: =AVERAGE(Sheet1!D14:D16) -> 3.7666667 | E5: 3.1 | F5: =AVERAGE(Sheet1!E14:E16) -> 3.8333333 | G5: 3.2 | H5: =AVERAGE(Sheet1!F14:F16) -> 4.2333333 | I5: 3.6 | J5: =AVERAGE(Sheet1!G14:G16) -> 3.8333333 | K5: 4
A6: 9 A | B6: =AVERAGE(Sheet1!C18:C20) -> 4.0666667 | C6: 3.7 | D6: =AVERAGE(Sheet1!D18:D20) -> 3.8 | E6: 3.4 | F6: =AVERAGE(Sheet1!E18:E20) -> 3.7666667 | G6: 3.7 | H6: =AVERAGE(Sheet1!F18:F20) -> 4 | I6: 3.6 | J6: =AVERAGE(Sheet1!G18:G20) -> 3.8 | K6: 3.9
A7: 9 B | B7: =AVERAGE(Sheet1!C22:C24) -> 4.1666667 | C7: 3.6 | D7: =AVERAGE(Sheet1!D22:D24) -> 3.9333333 | E7: 3.3 | F7: =AVERAGE(Sheet1!E22:E24) -> 3.7333333 | G7: 3.4 | H7: =AVERAGE(Sheet1!F22:F24) -> 4 | I7: 3.8 | J7: =AVERAGE(Sheet1!G22:G24) -> 3.8333333 | K7: 3.8
A8: 8 A | B8: =AVERAGE(Sheet1!C30:C32) -> 4.2 | C8: 4 | D8: =AVERAGE(Sheet1!D30:D32) -> 4.2 | E8: 3.3 | F8: =AVERAGE(Sheet1!E30:E32) -> 4.1666667 | G8: 3.8 | H8: =AVERAGE(Sheet1!F30:F32) -> 4.3 | I8: 4.1 | J8: =AVERAGE(Sheet1!G30:G32) -> 3.9333333 | K8: 4.2
A9: 8 B | B9: =AVERAGE(Sheet1!C34:C36) -> 4.2 | C9: 4.3 | D9: =AVERAGE(Sheet1!D34:D36) -> 4.0333333 | E9: 3.8 | F9: =AVERAGE(Sheet1!E34:E36) -> 4.0666667 | G9: 3.6 | H9: =AVERAGE(Sheet1!F34:F36) -> 4.0333333 | I9: 4.1 | J9: =AVERAGE(Sheet1!G34:G36) -> 3.9666667 | K9: 4.5
A10: 7 A | B10: =AVERAGE(Sheet1!C38:C40) -> 3.9666667 | C10: 4 | D10: =AVERAGE(Sheet1!D38:D40) -> 3.9666667 | E10: 3.5 | F10: =AVERAGE(Sheet1!E38:E40) -> 3.9666667 | G10: 3.7 | H10: =AVERAGE(Sheet1!F38:F40) -> 4.2 | I10: 3.6 | J10: =AVERAGE(Sheet1!G38:G40) -> 3.7333333 | K10: 4.1
A11: 7 B | B11: =AVERAGE(Sheet1!C42:C44) -> 3.9666667 | C11: 3.8 | D11: =AVERAGE(Sheet1!D42:D44) -> 4 | E11: 3.3 | F11: =AVERAGE(Sheet1!E42:E44) -> 3.9 | G11: 3.5 | H11: =AVERAGE(Sheet1!F42:F44) -> 4.1333333 | I11: 3.4 | J11: =AVERAGE(Sheet1!G42:G44) -> 3.7666667 | K11: 3.6
A12: 6 A | B12: =AVERAGE(Sheet1!C46:C48) -> 4.3666667 | C12: 3.9 | D12: =AVERAGE(Sheet1!D46:D48) -> 4.2333333 | E12: 3 | F12: =AVERAGE(Sheet1!E46:E48) -> 4.2666667 | G12: 3.8 | H12: =AVERAGE(Sheet1!F46:F48) -> 4.1666667 | I12: 3.5 | J12: =AVERAGE(Sheet1!G46:G48) -> 4.0333333 | K12: 3.4
A13: 6 B | B13: =AVERAGE(Sheet1!C50:C52) -> 4.3 | C13: 4 | D13: =AVERAGE(Sheet1!D50:D52) -> 4 | E13: 3 | F13: =AVERAGE(Sheet1!E50:E52) -> 4.1666667 | G13: 4.1 | H13: =AVERAGE(Sheet1!F50:F52) -> 3.9333333 | I13: 3.6 | J13: =AVERAGE(Sheet1!G50:G52) -> 3.9666667 | K13: 3.5
A14: 5 A | B14: =AVERAGE(Sheet1!C54:C56) -> 4.3666667 | C14: 4.2 | D14: =AVERAGE(Sheet1!D54:D56) -> 4.3333333 | E14: 3.4 | F14: =AVERAGE(Sheet1!E54:E56) -> 4.1666667 | G14: 3.7 | H14: =AVERAGE(Sheet1!F54:F56) -> 4.3333333 | I14: 3.1 | J14: =AVERAGE(Sheet1!G54:G56) -> 4.2 | K14: 3.9
A15: 5 B | B15: =AVERAGE(Sheet1!C58:C60) -> 4.1666667 | C15: 4.1 | D15: =AVERAGE(Sheet1!D58:D60) -> 4.4 | E15: 4 | F15: =AVERAGE(Sheet1!E58:E60) -> 4.3333333 | G15: 4.5 | H15: =AVERAGE(Sheet1!F58:F60) -> 4.2 | I15: 4.3 | J15: =AVERAGE(Sheet1!G58:G60) -> 4.2333333 | K15: 3.7
A16: 4 A | B16: =AVERAGE(Sheet1!C62:C64) -> 4.3 | C16: 4.3 | D16: =AVERAGE(Sheet1!D62:D64) -> 4.2666667 | E16: 3.7 | F16: =AVERAGE(Sheet1!E62:E64) -> 4.4 | G16: 3.6 | H16: =AVERAGE(Sheet1!F62:F64) -> 4.3 | I16: 3.2 | J16: =AVERAGE(Sheet1!G62:G64) -> 4.3333333 | K16: 4
A17: 4 B | B17: =AVERAGE(Sheet1!C66:C68) -> 4.3333333 | C17: 4.2 | D17: =AVERAGE(Sheet1!D66:D68) -> 4.4 | E17: 3.9 | F17: =AVERAGE(Sheet1!E66:E68) -> 4.5333333 | G17: 3.5 | H17: =AVERAGE(Sheet1!F66:F68) -> 4.5333333 | I17: 3.9 | J17: =AVERAGE(Sheet1!G66:G68) -> 4.3333333 | K17: 3.5
A18: 4 C | B18: =AVERAGE(Sheet1!C70:C72) -> 4.5333333 | C18: 4.3 | D18: =AVERAGE(Sheet1!D70:D72) -> 4.4 | E18: 3.9 | F18: =AVERAGE(Sheet1!E70:E72) -> 4.4666667 | G18: 4.2 | H18: =AVERAGE(Sheet1!F70:F72) -> 4.5333333 | I18: 4.2 | J18: =AVERAGE(Sheet1!G70:G72) -> 4.0666667 | K18: 4
A19: 3 A | B19: =AVERAGE(Sheet1!C74:C76) -> 4.5333333 | C19: 4.6 | D19: =AVERAGE(Sheet1!D74:D76) -> 4.5 | E19: 4.2 | F19: =AVERAGE(Sheet1!E74:E76) -> 4.7333333 | G19: 4.5 | H19: =AVERAGE(Sheet1!F74:F76) -> 4.7 | I19: 4.6 | J19: =AVERAGE(Sheet1!G74:G76) -> 4.3666667 | K19: 4.3
A20: 3 B | B20: =AVERAGE(Sheet1!C78:C80) -> 4.5666667 | C20: 4.6 | D20: =AVERAGE(Sheet1!D78:D80) -> 4.5333333 | E20: 4.3 | F20: =AVERAGE(Sheet1!E78:E80) -> 4.5666667 | G20: 4.4 | H20: =AVERAGE(Sheet1!F78:F80) -> 4.5333333 | I20: 4.8 | J20: =AVERAGE(Sheet1!G78:G80) -> 4.3333333 | K20: 4.6
A21: 2 A | B21: =AVERAGE(Sheet1!C82:C84) -> 4.1666667 | C21: 4 | D21: =AVERAGE(Sheet1!D82:D84) -> 4.3 | E21: 4.5 | F21: =AVERAGE(Sheet1!E82:E84) -> 4.5666667 | G21: 4.4 | H21: =AVERAGE(Sheet1!F82:F84) -> 4.3666667 | I21: 4.3 | J21: =AVERAGE(Sheet1!G82:G84) -> 4.3666667 | K21: 4.6
A22: 2 B | B22: =AVERAGE(Sheet1!C86:C88) -> 4.4666667 | C22: 3.6 | D22: =AVERAGE(Sheet1!D86:D88) -> 4.3333333 | E22: 4.3 | F22: =AVERAGE(Sheet1!E86:E88) -> 4.5333333 | G22: 4.3 | H22: =AVERAGE(Sheet1!F86:F88) -> 4.4333333 | I22: 4.2 | J22: =AVERAGE(Sheet1!G86:G88) -> 4.3666667 | K22: 4.5
A23: 2 C | B23: =AVERAGE(Sheet1!C90:C92) -> 4.4333333 | C23: 3.6 | D23: =AVERAGE(Sheet1!D90:D92) -> 4.5 | E23: 4 | F23: =AVERAGE(Sheet1!E90:E92) -> 4.6 | G23: 4.1 | H23: =AVERAGE(Sheet1!F90:F92) -> 4.5333333 | I23: 3.6 | J23: =AVERAGE(Sheet1!G90:G92) -> 4.3333333 | K23: 4.4
A24: 1 A | B24: =AVERAGE(Sheet1!C94:C96) -> 3.9 | C24: 4.4 | D24: =AVERAGE(Sheet1!D94:D96) -> 4.1666667 | E24: 4.4 | F24: =AVERAGE(Sheet1!E94:E96) -> 4.3 | G24: 4.6 | H24: =AVERAGE(Sheet1!F94:F96) -> 4.5 | I24: 4.5 | J24: =AVERAGE(Sheet1!G94:G96) -> 4.5 | K24: 4.4
A25: 1 B | B25: =AVERAGE(Sheet1!C98:C100) -> 4.2333333 | C25: 4.4 | D25: =AVERAGE(Sheet1!D98:D100) -> 4.3333333 | E25: 4.6 | F25: =AVERAGE(Sheet1!E98:E100) -> 4.5333333 | G25: 4.7 | H25: =AVERAGE(Sheet1!F98:F100) -> 4.5333333 | I25: 4.3 | J25: =AVERAGE(Sheet1!G98:G100) -> 4.4333333 | K25: 4.3
